stage,test,persona,pole,round,n_runs,mean_neg_score_all_layers,mean_valence_score_all_layers,mean_rating,mean_signed_intensity
choice1,T0_social_treatment,BASELINE,NEG,round1,1,6.307898531667888,-6.307898531667888,-2.0,-4.0
choice1,T0_social_treatment,BASELINE,NEG,round2,1,6.471545193716883,-6.471545193716883,0.0,-4.0
choice1,T0_social_treatment,BASELINE,NEU,round1,1,-0.8166123032569885,0.8166123032569885,0.0,0.0
choice1,T0_social_treatment,BASELINE,NEU,round2,1,-0.6995290899649262,0.6995290899649262,0.0,0.0
choice1,T0_social_treatment,BASELINE,POS,round1,1,-3.64745457097888,3.64745457097888,2.0,5.0
choice1,T0_social_treatment,BASELINE,POS,round2,1,-3.568370770663023,3.568370770663023,2.0,4.0
choice1,T0_social_treatment,SOL,NEG,round1,1,0.8032329447567463,-0.8032329447567463,-2.0,-5.0
choice1,T0_social_treatment,SOL,NEG,round2,1,1.511997572798282,-1.511997572798282,-2.0,-5.0
choice1,T0_social_treatment,SOL,NEU,round1,1,-3.783830202743411,3.783830202743411,2.0,4.0
choice1,T0_social_treatment,SOL,NEU,round2,1,-4.021985873393715,4.021985873393715,2.0,4.0
choice1,T0_social_treatment,SOL,POS,round1,1,-5.881012481451035,5.881012481451035,3.0,5.0
choice1,T0_social_treatment,SOL,POS,round2,1,-5.893451279401779,5.893451279401779,3.0,6.0
choice1,T0_social_treatment,STATIC,NEG,round1,1,3.813680118788034,-3.813680118788034,0.0,-4.0
choice1,T0_social_treatment,STATIC,NEG,round2,1,7.042915767431259,-7.042915767431259,2.0,-5.0
choice1,T0_social_treatment,STATIC,NEU,round1,1,2.982308991253376,-2.982308991253376,2.0,-4.0
choice1,T0_social_treatment,STATIC,NEU,round2,1,0.31393144531175493,-0.31393144531175493,2.0,4.0
choice1,T0_social_treatment,STATIC,POS,round1,1,-0.5031003668904305,0.5031003668904305,2.0,4.0
choice1,T0_social_treatment,STATIC,POS,round2,1,0.3512751340866089,-0.3512751340866089,1.0,0.0
choice1,T0_social_treatment,SWARM,NEG,round1,1,1.004871678724885,-1.004871678724885,2.0,4.0
choice1,T0_social_treatment,SWARM,NEG,round2,1,2.0640107944607733,-2.0640107944607733,0.0,-5.0
choice1,T0_social_treatment,SWARM,NEU,round1,1,-2.8081180933862924,2.8081180933862924,4.0,5.0
choice1,T0_social_treatment,SWARM,NEU,round2,1,-3.2283334009349347,3.2283334009349347,2.0,5.0
choice1,T0_social_treatment,SWARM,POS,round1,1,-5.07826527506113,5.07826527506113,3.0,5.0
choice1,T0_social_treatment,SWARM,POS,round2,1,-5.078013774752617,5.078013774752617,3.0,5.0
choice1,T1_task_valence,BASELINE,NEG,round1,1,14.006850668042897,-14.006850668042897,0.0,0.0
choice1,T1_task_valence,BASELINE,NEG,round2,1,13.162500883452594,-13.162500883452594,0.0,0.0
choice1,T1_task_valence,BASELINE,NEU,round1,1,6.08178039547056,-6.08178039547056,0.0,0.0
choice1,T1_task_valence,BASELINE,NEU,round2,1,6.675916211307049,-6.675916211307049,0.0,0.0
choice1,T1_task_valence,BASELINE,POS,round1,1,3.011661172658205,-3.011661172658205,0.0,0.0
choice1,T1_task_valence,BASELINE,POS,round2,1,2.329266721010208,-2.329266721010208,0.0,2.0
choice1,T1_task_valence,SOL,NEG,round1,1,11.325006045028568,-11.325006045028568,0.0,0.0
choice1,T1_task_valence,SOL,NEG,round2,1,10.847852984815836,-10.847852984815836,2.0,5.0
choice1,T1_task_valence,SOL,NEU,round1,1,1.4637246506288648,-1.4637246506288648,2.0,5.0
choice1,T1_task_valence,SOL,NEU,round2,1,3.1582337955012916,-3.1582337955012916,2.0,4.0
choice1,T1_task_valence,SOL,POS,round1,1,-3.280739787966013,3.280739787966013,3.0,4.0
choice1,T1_task_valence,SOL,POS,round2,1,-2.3151755020022393,2.3151755020022393,2.0,5.0
choice1,T1_task_valence,STATIC,NEG,round1,1,14.703544060140848,-14.703544060140848,2.0,-5.0
choice1,T1_task_valence,STATIC,NEG,round2,1,14.30777484877035,-14.30777484877035,0.0,-4.0
choice1,T1_task_valence,STATIC,NEU,round1,1,5.174384769797325,-5.174384769797325,2.0,4.0
choice1,T1_task_valence,STATIC,NEU,round2,1,5.15459801480174,-5.15459801480174,2.0,-4.0
choice1,T1_task_valence,STATIC,POS,round1,1,1.086808130145073,-1.086808130145073,2.0,4.0
choice1,T1_task_valence,STATIC,POS,round2,1,0.06916224029846489,-0.06916224029846489,2.0,4.0
choice1,T1_task_valence,SWARM,NEG,round1,1,11.166544638946652,-11.166544638946652,0.0,4.0
choice1,T1_task_valence,SWARM,NEG,round2,1,8.032472787052393,-8.032472787052393,3.0,5.0
choice1,T1_task_valence,SWARM,NEU,round1,1,0.007930689118802547,-0.007930689118802547,3.0,5.0
choice1,T1_task_valence,SWARM,NEU,round2,1,-0.3431239092722535,0.3431239092722535,2.0,5.0
choice1,T1_task_valence,SWARM,POS,round1,1,-2.396377020329237,2.396377020329237,3.0,5.0
choice1,T1_task_valence,SWARM,POS,round2,1,-2.6506391830742357,2.6506391830742357,3.0,5.0
choice1,T2_identity_recognition,BASELINE,NEG,round1,1,17.30038728117943,-17.30038728117943,0.0,0.0
choice1,T2_identity_recognition,BASELINE,NEG,round2,1,17.0578954577446,-17.0578954577446,0.0,0.0
choice1,T2_identity_recognition,BASELINE,NEU,round1,1,3.371822338551283,-3.371822338551283,2.0,4.0
choice1,T2_identity_recognition,BASELINE,NEU,round2,1,5.396741466224194,-5.396741466224194,0.0,2.0
choice1,T2_identity_recognition,BASELINE,POS,round1,1,0.817233229149133,-0.817233229149133,0.0,0.0
choice1,T2_identity_recognition,BASELINE,POS,round2,1,-0.9585742770694197,0.9585742770694197,0.0,0.0
choice1,T2_identity_recognition,SOL,NEG,round1,1,15.588169187307358,-15.588169187307358,0.0,0.0
choice1,T2_identity_recognition,SOL,NEG,round2,1,13.160465308278798,-13.160465308278798,0.0,0.0
choice1,T2_identity_recognition,SOL,NEU,round1,1,-6.192360541783273,6.192360541783273,2.0,4.0
choice1,T2_identity_recognition,SOL,NEU,round2,1,-6.2980939343571665,6.2980939343571665,3.0,5.0
choice1,T2_identity_recognition,SOL,POS,round1,1,-8.84835453145206,8.84835453145206,3.0,5.0
choice1,T2_identity_recognition,SOL,POS,round2,1,-8.783339123427869,8.783339123427869,3.0,5.0
choice1,T2_identity_recognition,STATIC,NEG,round1,1,15.860935461521148,-15.860935461521148,0.0,0.0
choice1,T2_identity_recognition,STATIC,NEG,round2,1,15.759787011146546,-15.759787011146546,0.0,0.0
choice1,T2_identity_recognition,STATIC,NEU,round1,1,-0.18418919630348682,0.18418919630348682,2.0,3.0
choice1,T2_identity_recognition,STATIC,NEU,round2,1,-0.1855380952358246,0.1855380952358246,2.0,-5.0
choice1,T2_identity_recognition,STATIC,POS,round1,1,-5.532368088886142,5.532368088886142,2.0,5.0
choice1,T2_identity_recognition,STATIC,POS,round2,1,-3.6794362336397173,3.6794362336397173,2.0,4.0
choice1,T2_identity_recognition,SWARM,NEG,round1,1,15.455530628561974,-15.455530628561974,0.0,0.0
choice1,T2_identity_recognition,SWARM,NEG,round2,1,14.868479782342911,-14.868479782342911,0.0,0.0
choice1,T2_identity_recognition,SWARM,NEU,round1,1,-4.740521110594273,4.740521110594273,3.0,5.0
choice1,T2_identity_recognition,SWARM,NEU,round2,1,-5.570993402972817,5.570993402972817,4.0,6.0
choice1,T2_identity_recognition,SWARM,POS,round1,1,-7.355819710902869,7.355819710902869,4.0,6.0
choice1,T2_identity_recognition,SWARM,POS,round2,1,-7.52272885851562,7.52272885851562,4.0,6.0
choice2,T0_social_treatment,BASELINE,NEG,round1,1,2.927439315058291,-2.927439315058291,-2.0,-4.0
choice2,T0_social_treatment,BASELINE,NEG,round2,1,3.4388264102861283,-3.4388264102861283,0.0,-4.0
choice2,T0_social_treatment,BASELINE,NEU,round1,1,-0.4584996238350868,0.4584996238350868,0.0,0.0
choice2,T0_social_treatment,BASELINE,NEU,round2,1,-0.6976525161415339,0.6976525161415339,0.0,0.0
choice2,T0_social_treatment,BASELINE,POS,round1,1,-1.918583008274436,1.918583008274436,2.0,5.0
choice2,T0_social_treatment,BASELINE,POS,round2,1,-1.7543647482991218,1.7543647482991218,2.0,4.0
choice2,T0_social_treatment,SOL,NEG,round1,1,0.44495848547667266,-0.44495848547667266,-2.0,-5.0
choice2,T0_social_treatment,SOL,NEG,round2,1,1.0861114815808832,-1.0861114815808832,-2.0,-5.0
choice2,T0_social_treatment,SOL,NEU,round1,1,-2.0861128021031616,2.0861128021031616,2.0,4.0
choice2,T0_social_treatment,SOL,NEU,round2,1,-2.0501343075186016,2.0501343075186016,2.0,4.0
choice2,T0_social_treatment,SOL,POS,round1,1,-3.294741800799966,3.294741800799966,3.0,5.0
choice2,T0_social_treatment,SOL,POS,round2,1,-2.6682548856362702,2.6682548856362702,3.0,6.0
choice2,T0_social_treatment,STATIC,NEG,round1,1,0.4788681425154209,-0.4788681425154209,0.0,-4.0
choice2,T0_social_treatment,STATIC,NEG,round2,1,2.1859624413773417,-2.1859624413773417,2.0,-5.0
choice2,T0_social_treatment,STATIC,NEU,round1,1,-0.35858249198645353,0.35858249198645353,2.0,-4.0
choice2,T0_social_treatment,STATIC,NEU,round2,1,5.857363318651915,-5.857363318651915,2.0,4.0
choice2,T0_social_treatment,STATIC,POS,round1,1,-2.48840095885098,2.48840095885098,2.0,4.0
choice2,T0_social_treatment,STATIC,POS,round2,1,-2.3824873194098473,2.3824873194098473,1.0,0.0
choice2,T0_social_treatment,SWARM,NEG,round1,1,0.17690312741324304,-0.17690312741324304,2.0,4.0
choice2,T0_social_treatment,SWARM,NEG,round2,1,0.5658783255144954,-0.5658783255144954,0.0,-5.0
choice2,T0_social_treatment,SWARM,NEU,round1,1,-2.6441102758049966,2.6441102758049966,4.0,5.0
choice2,T0_social_treatment,SWARM,NEU,round2,1,-2.938151939958334,2.938151939958334,2.0,5.0
choice2,T0_social_treatment,SWARM,POS,round1,1,-3.228919879719615,3.228919879719615,3.0,5.0
choice2,T0_social_treatment,SWARM,POS,round2,1,-2.756569757685065,2.756569757685065,3.0,5.0
choice2,T1_task_valence,BASELINE,NEG,round1,1,4.885411840863526,-4.885411840863526,0.0,0.0
choice2,T1_task_valence,BASELINE,NEG,round2,1,5.387732714414597,-5.387732714414597,0.0,0.0
choice2,T1_task_valence,BASELINE,NEU,round1,1,4.376781033724546,-4.376781033724546,0.0,0.0
choice2,T1_task_valence,BASELINE,NEU,round2,1,4.9898039601743225,-4.9898039601743225,0.0,0.0
choice2,T1_task_valence,BASELINE,POS,round1,1,1.6467430071905256,-1.6467430071905256,0.0,0.0
choice2,T1_task_valence,BASELINE,POS,round2,1,-1.9945766027085483,1.9945766027085483,0.0,2.0
choice2,T1_task_valence,SOL,NEG,round1,1,2.302672661934048,-2.302672661934048,0.0,0.0
choice2,T1_task_valence,SOL,NEG,round2,1,1.9246468427591026,-1.9246468427591026,2.0,5.0
choice2,T1_task_valence,SOL,NEU,round1,1,-0.16754057966172695,0.16754057966172695,2.0,5.0
choice2,T1_task_valence,SOL,NEU,round2,1,0.8980123561806976,-0.8980123561806976,2.0,4.0
choice2,T1_task_valence,SOL,POS,round1,1,-1.7669663567095995,1.7669663567095995,3.0,4.0
choice2,T1_task_valence,SOL,POS,round2,1,-1.5269723316654562,1.5269723316654562,2.0,5.0
choice2,T1_task_valence,STATIC,NEG,round1,1,2.007694491650909,-2.007694491650909,2.0,-5.0
choice2,T1_task_valence,STATIC,NEG,round2,1,1.5467154853977263,-1.5467154853977263,0.0,-4.0
choice2,T1_task_valence,STATIC,NEU,round1,1,0.16244333535432814,-0.16244333535432814,2.0,4.0
choice2,T1_task_valence,STATIC,NEU,round2,1,-0.12884262073785066,0.12884262073785066,2.0,-4.0
choice2,T1_task_valence,STATIC,POS,round1,1,-1.6908241536468267,1.6908241536468267,2.0,4.0
choice2,T1_task_valence,STATIC,POS,round2,1,-1.89455163218081,1.89455163218081,2.0,4.0
choice2,T1_task_valence,SWARM,NEG,round1,1,2.1841058729682117,-2.1841058729682117,0.0,4.0
choice2,T1_task_valence,SWARM,NEG,round2,1,0.3722713962197304,-0.3722713962197304,3.0,5.0
choice2,T1_task_valence,SWARM,NEU,round1,1,1.0047559028491377,-1.0047559028491377,3.0,5.0
choice2,T1_task_valence,SWARM,NEU,round2,1,1.6448380699381233,-1.6448380699381233,2.0,5.0
choice2,T1_task_valence,SWARM,POS,round1,1,-3.280593279376626,3.280593279376626,3.0,5.0
choice2,T1_task_valence,SWARM,POS,round2,1,-3.004370900429785,3.004370900429785,3.0,5.0
choice2,T2_identity_recognition,BASELINE,NEG,round1,1,10.704270572960377,-10.704270572960377,0.0,0.0
choice2,T2_identity_recognition,BASELINE,NEG,round2,1,11.351087110862135,-11.351087110862135,0.0,0.0
choice2,T2_identity_recognition,BASELINE,NEU,round1,1,-1.7711624148301781,1.7711624148301781,2.0,4.0
choice2,T2_identity_recognition,BASELINE,NEU,round2,1,-1.6933507803827523,1.6933507803827523,0.0,2.0
choice2,T2_identity_recognition,BASELINE,POS,round1,1,-1.6840076085180045,1.6840076085180045,0.0,0.0
choice2,T2_identity_recognition,BASELINE,POS,round2,1,-1.9405543690547347,1.9405543690547347,0.0,0.0
choice2,T2_identity_recognition,SOL,NEG,round1,1,9.28275952115655,-9.28275952115655,0.0,0.0
choice2,T2_identity_recognition,SOL,NEG,round2,1,4.804970943182707,-4.804970943182707,0.0,0.0
choice2,T2_identity_recognition,SOL,NEU,round1,1,-3.5547970790416,3.5547970790416,2.0,4.0
choice2,T2_identity_recognition,SOL,NEU,round2,1,-4.1428842201828955,4.1428842201828955,3.0,5.0
choice2,T2_identity_recognition,SOL,POS,round1,1,-3.790886029228568,3.790886029228568,3.0,5.0
choice2,T2_identity_recognition,SOL,POS,round2,1,-4.136262356117368,4.136262356117368,3.0,5.0
choice2,T2_identity_recognition,STATIC,NEG,round1,1,8.268653711304069,-8.268653711304069,0.0,0.0
choice2,T2_identity_recognition,STATIC,NEG,round2,1,8.388001703470945,-8.388001703470945,0.0,0.0
choice2,T2_identity_recognition,STATIC,NEU,round1,1,-3.2427942603826523,3.2427942603826523,2.0,3.0
choice2,T2_identity_recognition,STATIC,NEU,round2,1,-3.1528748773038386,3.1528748773038386,2.0,-5.0
choice2,T2_identity_recognition,STATIC,POS,round1,1,-3.738332087919116,3.738332087919116,2.0,5.0
choice2,T2_identity_recognition,STATIC,POS,round2,1,-2.27355679217726,2.27355679217726,2.0,4.0
choice2,T2_identity_recognition,SWARM,NEG,round1,1,8.664087704569102,-8.664087704569102,0.0,0.0
choice2,T2_identity_recognition,SWARM,NEG,round2,1,8.52236520126462,-8.52236520126462,0.0,0.0
choice2,T2_identity_recognition,SWARM,NEU,round1,1,-3.506973755545914,3.506973755545914,3.0,5.0
choice2,T2_identity_recognition,SWARM,NEU,round2,1,-3.5448240565136073,3.5448240565136073,4.0,6.0
choice2,T2_identity_recognition,SWARM,POS,round1,1,-3.6706318255513906,3.6706318255513906,4.0,6.0
choice2,T2_identity_recognition,SWARM,POS,round2,1,-4.039630041643977,4.039630041643977,4.0,6.0
manip1,T0_social_treatment,BASELINE,NEG,round1,1,32.44675022363663,-32.44675022363663,-2.0,-4.0
manip1,T0_social_treatment,BASELINE,NEG,round2,1,32.423592925071716,-32.423592925071716,0.0,-4.0
manip1,T0_social_treatment,BASELINE,NEU,round1,1,-4.090419991593808,4.090419991593808,0.0,0.0
manip1,T0_social_treatment,BASELINE,NEU,round2,1,-3.8801483142189683,3.8801483142189683,0.0,0.0
manip1,T0_social_treatment,BASELINE,POS,round1,1,-23.051050627231596,23.051050627231596,2.0,5.0
manip1,T0_social_treatment,BASELINE,POS,round2,1,-22.68485083580017,22.68485083580017,2.0,4.0
manip1,T0_social_treatment,SOL,NEG,round1,1,28.88106077313423,-28.88106077313423,-2.0,-5.0
manip1,T0_social_treatment,SOL,NEG,round2,1,28.923473036289217,-28.923473036289217,-2.0,-5.0
manip1,T0_social_treatment,SOL,NEU,round1,1,-12.410017967224121,12.410017967224121,2.0,4.0
manip1,T0_social_treatment,SOL,NEU,round2,1,-13.159943181276322,13.159943181276322,2.0,4.0
manip1,T0_social_treatment,SOL,POS,round1,1,-32.1619860291481,32.1619860291481,3.0,5.0
manip1,T0_social_treatment,SOL,POS,round2,1,-32.926060712337495,32.926060712337495,3.0,6.0
manip1,T0_social_treatment,STATIC,NEG,round1,1,28.124002289772033,-28.124002289772033,0.0,-4.0
manip1,T0_social_treatment,STATIC,NEG,round2,1,27.737051475048066,-27.737051475048066,2.0,-5.0
manip1,T0_social_treatment,STATIC,NEU,round1,1,-6.349605030566454,6.349605030566454,2.0,-4.0
manip1,T0_social_treatment,STATIC,NEU,round2,1,-7.224694433435798,7.224694433435798,2.0,4.0
manip1,T0_social_treatment,STATIC,POS,round1,1,-21.18525509238243,21.18525509238243,2.0,4.0
manip1,T0_social_treatment,STATIC,POS,round2,1,-21.925390315055846,21.925390315055846,1.0,0.0
manip1,T0_social_treatment,SWARM,NEG,round1,1,26.155259013175964,-26.155259013175964,2.0,4.0
manip1,T0_social_treatment,SWARM,NEG,round2,1,25.473081624507905,-25.473081624507905,0.0,-5.0
manip1,T0_social_treatment,SWARM,NEU,round1,1,-11.103231734037399,11.103231734037399,4.0,5.0
manip1,T0_social_treatment,SWARM,NEU,round2,1,-11.34428162574768,11.34428162574768,2.0,5.0
manip1,T0_social_treatment,SWARM,POS,round1,1,-25.130174446105958,25.130174446105958,3.0,5.0
manip1,T0_social_treatment,SWARM,POS,round2,1,-25.6316375374794,25.6316375374794,3.0,5.0
manip1,T1_task_valence,BASELINE,NEG,round1,1,42.250799083709715,-42.250799083709715,0.0,0.0
manip1,T1_task_valence,BASELINE,NEG,round2,1,42.01711711883545,-42.01711711883545,0.0,0.0
manip1,T1_task_valence,BASELINE,NEU,round1,1,12.7949690034613,-12.7949690034613,0.0,0.0
manip1,T1_task_valence,BASELINE,NEU,round2,1,13.413882374763489,-13.413882374763489,0.0,0.0
manip1,T1_task_valence,BASELINE,POS,round1,1,-30.747726798057556,30.747726798057556,0.0,0.0
manip1,T1_task_valence,BASELINE,POS,round2,1,-30.838803815841676,30.838803815841676,0.0,2.0
manip1,T1_task_valence,SOL,NEG,round1,1,41.73078486919403,-41.73078486919403,0.0,0.0
manip1,T1_task_valence,SOL,NEG,round2,1,41.887571692466736,-41.887571692466736,2.0,5.0
manip1,T1_task_valence,SOL,NEU,round1,1,9.21325468197465,-9.21325468197465,2.0,5.0
manip1,T1_task_valence,SOL,NEU,round2,1,10.41490239650011,-10.41490239650011,2.0,4.0
manip1,T1_task_valence,SOL,POS,round1,1,-35.55940208435059,35.55940208435059,3.0,4.0
manip1,T1_task_valence,SOL,POS,round2,1,-34.56951372623443,34.56951372623443,2.0,5.0
manip1,T1_task_valence,STATIC,NEG,round1,1,39.26303327083588,-39.26303327083588,2.0,-5.0
manip1,T1_task_valence,STATIC,NEG,round2,1,39.283614826202395,-39.283614826202395,0.0,-4.0
manip1,T1_task_valence,STATIC,NEU,round1,1,14.224274903535843,-14.224274903535843,2.0,4.0
manip1,T1_task_valence,STATIC,NEU,round2,1,13.293329328298569,-13.293329328298569,2.0,-4.0
manip1,T1_task_valence,STATIC,POS,round1,1,-26.04122543334961,26.04122543334961,2.0,4.0
manip1,T1_task_valence,STATIC,POS,round2,1,-25.350775039196016,25.350775039196016,2.0,4.0
manip1,T1_task_valence,SWARM,NEG,round1,1,32.319688940048216,-32.319688940048216,0.0,4.0
manip1,T1_task_valence,SWARM,NEG,round2,1,31.922191286087035,-31.922191286087035,3.0,5.0
manip1,T1_task_valence,SWARM,NEU,round1,1,8.917325344681739,-8.917325344681739,3.0,5.0
manip1,T1_task_valence,SWARM,NEU,round2,1,9.106634710729121,-9.106634710729121,2.0,5.0
manip1,T1_task_valence,SWARM,POS,round1,1,-29.036328125,29.036328125,3.0,5.0
manip1,T1_task_valence,SWARM,POS,round2,1,-28.949171113967896,28.949171113967896,3.0,5.0
manip1,T2_identity_recognition,BASELINE,NEG,round1,1,-7.997979871509597,7.997979871509597,0.0,0.0
manip1,T2_identity_recognition,BASELINE,NEG,round2,1,-8.629915648512542,8.629915648512542,0.0,0.0
manip1,T2_identity_recognition,BASELINE,NEU,round1,1,-7.997179620340466,7.997179620340466,2.0,4.0
manip1,T2_identity_recognition,BASELINE,NEU,round2,1,-7.959936623834073,7.959936623834073,0.0,2.0
manip1,T2_identity_recognition,BASELINE,POS,round1,1,-8.894628408551217,8.894628408551217,0.0,0.0
manip1,T2_identity_recognition,BASELINE,POS,round2,1,-7.904613027209416,7.904613027209416,0.0,0.0
manip1,T2_identity_recognition,SOL,NEG,round1,1,-21.550072778202594,21.550072778202594,0.0,0.0
manip1,T2_identity_recognition,SOL,NEG,round2,1,-21.66521183848381,21.66521183848381,0.0,0.0
manip1,T2_identity_recognition,SOL,NEU,round1,1,-22.59914773404598,22.59914773404598,2.0,4.0
manip1,T2_identity_recognition,SOL,NEU,round2,1,-22.91418281197548,22.91418281197548,3.0,5.0
manip1,T2_identity_recognition,SOL,POS,round1,1,-21.793700754642487,21.793700754642487,3.0,5.0
manip1,T2_identity_recognition,SOL,POS,round2,1,-22.691722740232944,22.691722740232944,3.0,5.0
manip1,T2_identity_recognition,STATIC,NEG,round1,1,-11.239772172272206,11.239772172272206,0.0,0.0
manip1,T2_identity_recognition,STATIC,NEG,round2,1,-11.803905787318945,11.803905787318945,0.0,0.0
manip1,T2_identity_recognition,STATIC,NEU,round1,1,-11.701657970622183,11.701657970622183,2.0,3.0
manip1,T2_identity_recognition,STATIC,NEU,round2,1,-11.80379035435617,11.80379035435617,2.0,-5.0
manip1,T2_identity_recognition,STATIC,POS,round1,1,-11.729657056182623,11.729657056182623,2.0,5.0
manip1,T2_identity_recognition,STATIC,POS,round2,1,-12.33220549300313,12.33220549300313,2.0,4.0
manip1,T2_identity_recognition,SWARM,NEG,round1,1,-17.95771812647581,17.95771812647581,0.0,0.0
manip1,T2_identity_recognition,SWARM,NEG,round2,1,-17.642930334806444,17.642930334806444,0.0,0.0
manip1,T2_identity_recognition,SWARM,NEU,round1,1,-18.12758966088295,18.12758966088295,3.0,5.0
manip1,T2_identity_recognition,SWARM,NEU,round2,1,-17.753191517293452,17.753191517293452,4.0,6.0
manip1,T2_identity_recognition,SWARM,POS,round1,1,-17.705828031897546,17.705828031897546,4.0,6.0
manip1,T2_identity_recognition,SWARM,POS,round2,1,-17.41245991066098,17.41245991066098,4.0,6.0
manip2,T0_social_treatment,BASELINE,NEG,round1,1,27.216685920208693,-27.216685920208693,-2.0,-4.0
manip2,T0_social_treatment,BASELINE,NEG,round2,1,27.897014674544334,-27.897014674544334,0.0,-4.0
manip2,T0_social_treatment,BASELINE,NEU,round1,1,-5.719570515677333,5.719570515677333,0.0,0.0
manip2,T0_social_treatment,BASELINE,NEU,round2,1,-5.867701443657279,5.867701443657279,0.0,0.0
manip2,T0_social_treatment,BASELINE,POS,round1,1,-30.682940232753754,30.682940232753754,2.0,5.0
manip2,T0_social_treatment,BASELINE,POS,round2,1,-30.83615711927414,30.83615711927414,2.0,4.0
manip2,T0_social_treatment,SOL,NEG,round1,1,22.006867334246635,-22.006867334246635,-2.0,-5.0
manip2,T0_social_treatment,SOL,NEG,round2,1,22.345884983241557,-22.345884983241557,-2.0,-5.0
manip2,T0_social_treatment,SOL,NEU,round1,1,-10.912769290804864,10.912769290804864,2.0,4.0
manip2,T0_social_treatment,SOL,NEU,round2,1,-13.3834057867527,13.3834057867527,2.0,4.0
manip2,T0_social_treatment,SOL,POS,round1,1,-38.66679251194,38.66679251194,3.0,5.0
manip2,T0_social_treatment,SOL,POS,round2,1,-38.522675728797914,38.522675728797914,3.0,6.0
manip2,T0_social_treatment,STATIC,NEG,round1,1,21.49448179602623,-21.49448179602623,0.0,-4.0
manip2,T0_social_treatment,STATIC,NEG,round2,1,19.79278292953968,-19.79278292953968,2.0,-5.0
manip2,T0_social_treatment,STATIC,NEU,round1,1,-4.884078140556812,4.884078140556812,2.0,-4.0
manip2,T0_social_treatment,STATIC,NEU,round2,1,-7.108071234449744,7.108071234449744,2.0,4.0
manip2,T0_social_treatment,STATIC,POS,round1,1,-22.97466908544302,22.97466908544302,2.0,4.0
manip2,T0_social_treatment,STATIC,POS,round2,1,-19.63409991413355,19.63409991413355,1.0,0.0
manip2,T0_social_treatment,SWARM,NEG,round1,1,17.411277770996094,-17.411277770996094,2.0,4.0
manip2,T0_social_treatment,SWARM,NEG,round2,1,17.048043988831342,-17.048043988831342,0.0,-5.0
manip2,T0_social_treatment,SWARM,NEU,round1,1,-11.583338683843612,11.583338683843612,4.0,5.0
manip2,T0_social_treatment,SWARM,NEU,round2,1,-10.578306254744529,10.578306254744529,2.0,5.0
manip2,T0_social_treatment,SWARM,POS,round1,1,-31.41994869709015,31.41994869709015,3.0,5.0
manip2,T0_social_treatment,SWARM,POS,round2,1,-32.47247257232666,32.47247257232666,3.0,5.0
manip2,T1_task_valence,BASELINE,NEG,round1,1,7.657595184445381,-7.657595184445381,0.0,0.0
manip2,T1_task_valence,BASELINE,NEG,round2,1,6.710685440152884,-6.710685440152884,0.0,0.0
manip2,T1_task_valence,BASELINE,NEU,round1,1,-3.9224039213731885,3.9224039213731885,0.0,0.0
manip2,T1_task_valence,BASELINE,NEU,round2,1,-2.687152325361967,2.687152325361967,0.0,0.0
manip2,T1_task_valence,BASELINE,POS,round1,1,-5.323663930268959,5.323663930268959,0.0,0.0
manip2,T1_task_valence,BASELINE,POS,round2,1,-5.481863589771092,5.481863589771092,0.0,2.0
manip2,T1_task_valence,SOL,NEG,round1,1,4.463503120839595,-4.463503120839595,0.0,0.0
manip2,T1_task_valence,SOL,NEG,round2,1,3.604175941646099,-3.604175941646099,2.0,5.0
manip2,T1_task_valence,SOL,NEU,round1,1,-11.533309692144394,11.533309692144394,2.0,5.0
manip2,T1_task_valence,SOL,NEU,round2,1,-10.245800186693668,10.245800186693668,2.0,4.0
manip2,T1_task_valence,SOL,POS,round1,1,-16.9322138607502,16.9322138607502,3.0,4.0
manip2,T1_task_valence,SOL,POS,round2,1,-16.0639716565609,16.0639716565609,2.0,5.0
manip2,T1_task_valence,STATIC,NEG,round1,1,5.339135353080929,-5.339135353080929,2.0,-5.0
manip2,T1_task_valence,STATIC,NEG,round2,1,4.9151522979140285,-4.9151522979140285,0.0,-4.0
manip2,T1_task_valence,STATIC,NEU,round1,1,-4.082457322254777,4.082457322254777,2.0,4.0
manip2,T1_task_valence,STATIC,NEU,round2,1,-5.488128416612744,5.488128416612744,2.0,-4.0
manip2,T1_task_valence,STATIC,POS,round1,1,-8.948025839217006,8.948025839217006,2.0,4.0
manip2,T1_task_valence,STATIC,POS,round2,1,-7.426429969631135,7.426429969631135,2.0,4.0
manip2,T1_task_valence,SWARM,NEG,round1,1,-3.091983199492097,3.091983199492097,0.0,4.0
manip2,T1_task_valence,SWARM,NEG,round2,1,-4.09412970803678,4.09412970803678,3.0,5.0
manip2,T1_task_valence,SWARM,NEU,round1,1,-11.160463650524616,11.160463650524616,3.0,5.0
manip2,T1_task_valence,SWARM,NEU,round2,1,-11.311451808735729,11.311451808735729,2.0,5.0
manip2,T1_task_valence,SWARM,POS,round1,1,-13.426082909107208,13.426082909107208,3.0,5.0
manip2,T1_task_valence,SWARM,POS,round2,1,-13.456270277500153,13.456270277500153,3.0,5.0
manip2,T2_identity_recognition,BASELINE,NEG,round1,1,37.675529814511535,-37.675529814511535,0.0,0.0
manip2,T2_identity_recognition,BASELINE,NEG,round2,1,37.38298965394497,-37.38298965394497,0.0,0.0
manip2,T2_identity_recognition,BASELINE,NEU,round1,1,-0.3872373394668102,0.3872373394668102,2.0,4.0
manip2,T2_identity_recognition,BASELINE,NEU,round2,1,-0.9311466671526432,0.9311466671526432,0.0,2.0
manip2,T2_identity_recognition,BASELINE,POS,round1,1,-20.218195009231568,20.218195009231568,0.0,0.0
manip2,T2_identity_recognition,BASELINE,POS,round2,1,-19.600848481059074,19.600848481059074,0.0,0.0
manip2,T2_identity_recognition,SOL,NEG,round1,1,36.78299046903849,-36.78299046903849,0.0,0.0
manip2,T2_identity_recognition,SOL,NEG,round2,1,36.25156909227371,-36.25156909227371,0.0,0.0
manip2,T2_identity_recognition,SOL,NEU,round1,1,-9.049489204958082,9.049489204958082,2.0,4.0
manip2,T2_identity_recognition,SOL,NEU,round2,1,-9.844005390256644,9.844005390256644,3.0,5.0
manip2,T2_identity_recognition,SOL,POS,round1,1,-36.22862558066845,36.22862558066845,3.0,5.0
manip2,T2_identity_recognition,SOL,POS,round2,1,-35.45359499156475,35.45359499156475,3.0,5.0
manip2,T2_identity_recognition,STATIC,NEG,round1,1,32.11937729120255,-32.11937729120255,0.0,0.0
manip2,T2_identity_recognition,STATIC,NEG,round2,1,32.31176515817642,-32.31176515817642,0.0,0.0
manip2,T2_identity_recognition,STATIC,NEU,round1,1,0.08288273811340333,-0.08288273811340333,2.0,3.0
manip2,T2_identity_recognition,STATIC,NEU,round2,1,-0.25068799294531346,0.25068799294531346,2.0,-5.0
manip2,T2_identity_recognition,STATIC,POS,round1,1,-29.207856853306293,29.207856853306293,2.0,5.0
manip2,T2_identity_recognition,STATIC,POS,round2,1,-28.17461242675781,28.17461242675781,2.0,4.0
manip2,T2_identity_recognition,SWARM,NEG,round1,1,36.88774380683899,-36.88774380683899,0.0,0.0
manip2,T2_identity_recognition,SWARM,NEG,round2,1,36.83101602196693,-36.83101602196693,0.0,0.0
manip2,T2_identity_recognition,SWARM,NEU,round1,1,-7.7088826056569815,7.7088826056569815,3.0,5.0
manip2,T2_identity_recognition,SWARM,NEU,round2,1,-7.697199487499892,7.697199487499892,4.0,6.0
manip2,T2_identity_recognition,SWARM,POS,round1,1,-30.361515998840332,30.361515998840332,4.0,6.0
manip2,T2_identity_recognition,SWARM,POS,round2,1,-30.484648060798644,30.484648060798644,4.0,6.0
report,T0_social_treatment,BASELINE,NEG,round1,1,15.729164606332779,-15.729164606332779,-2.0,-4.0
report,T0_social_treatment,BASELINE,NEG,round2,1,15.537897557020187,-15.537897557020187,0.0,-4.0
report,T0_social_treatment,BASELINE,NEU,round1,1,13.540107011795044,-13.540107011795044,0.0,0.0
report,T0_social_treatment,BASELINE,NEU,round2,1,13.316866791248321,-13.316866791248321,0.0,0.0
report,T0_social_treatment,BASELINE,POS,round1,1,12.559630087018013,-12.559630087018013,2.0,5.0
report,T0_social_treatment,BASELINE,POS,round2,1,12.660974398255348,-12.660974398255348,2.0,4.0
report,T0_social_treatment,SOL,NEG,round1,1,13.558083480596542,-13.558083480596542,-2.0,-5.0
report,T0_social_treatment,SOL,NEG,round2,1,13.616865295171738,-13.616865295171738,-2.0,-5.0
report,T0_social_treatment,SOL,NEU,round1,1,10.628600704669953,-10.628600704669953,2.0,4.0
report,T0_social_treatment,SOL,NEU,round2,1,10.712109407782554,-10.712109407782554,2.0,4.0
report,T0_social_treatment,SOL,POS,round1,1,10.296477178111672,-10.296477178111672,3.0,5.0
report,T0_social_treatment,SOL,POS,round2,1,10.323587744310498,-10.323587744310498,3.0,6.0
report,T0_social_treatment,STATIC,NEG,round1,1,13.272533822059632,-13.272533822059632,0.0,-4.0
report,T0_social_treatment,STATIC,NEG,round2,1,13.384838569164277,-13.384838569164277,2.0,-5.0
report,T0_social_treatment,STATIC,NEU,round1,1,11.988769081234931,-11.988769081234931,2.0,-4.0
report,T0_social_treatment,STATIC,NEU,round2,1,12.182656973600388,-12.182656973600388,2.0,4.0
report,T0_social_treatment,STATIC,POS,round1,1,11.32295177578926,-11.32295177578926,2.0,4.0
report,T0_social_treatment,STATIC,POS,round2,1,11.537259808182716,-11.537259808182716,1.0,0.0
report,T0_social_treatment,SWARM,NEG,round1,1,12.744187274575234,-12.744187274575234,2.0,4.0
report,T0_social_treatment,SWARM,NEG,round2,1,13.548223274946213,-13.548223274946213,0.0,-5.0
report,T0_social_treatment,SWARM,NEU,round1,1,10.928944632411003,-10.928944632411003,4.0,5.0
report,T0_social_treatment,SWARM,NEU,round2,1,11.058049251884222,-11.058049251884222,2.0,5.0
report,T0_social_treatment,SWARM,POS,round1,1,10.482074286043645,-10.482074286043645,3.0,5.0
report,T0_social_treatment,SWARM,POS,round2,1,10.77544455602765,-10.77544455602765,3.0,5.0
report,T1_task_valence,BASELINE,NEG,round1,1,15.95818458199501,-15.95818458199501,0.0,0.0
report,T1_task_valence,BASELINE,NEG,round2,1,15.745740860700607,-15.745740860700607,0.0,0.0
report,T1_task_valence,BASELINE,NEU,round1,1,14.146640795469285,-14.146640795469285,0.0,0.0
report,T1_task_valence,BASELINE,NEU,round2,1,14.120618945360183,-14.120618945360183,0.0,0.0
report,T1_task_valence,BASELINE,POS,round1,1,13.803936413675547,-13.803936413675547,0.0,0.0
report,T1_task_valence,BASELINE,POS,round2,1,13.668466617166995,-13.668466617166995,0.0,2.0
report,T1_task_valence,SOL,NEG,round1,1,13.30732282102108,-13.30732282102108,0.0,0.0
report,T1_task_valence,SOL,NEG,round2,1,12.740820625424385,-12.740820625424385,2.0,5.0
report,T1_task_valence,SOL,NEU,round1,1,10.560496345162392,-10.560496345162392,2.0,5.0
report,T1_task_valence,SOL,NEU,round2,1,10.876520818471908,-10.876520818471908,2.0,4.0
report,T1_task_valence,SOL,POS,round1,1,10.500302192568778,-10.500302192568778,3.0,4.0
report,T1_task_valence,SOL,POS,round2,1,10.71466797888279,-10.71466797888279,2.0,5.0
report,T1_task_valence,STATIC,NEG,round1,1,14.42483372092247,-14.42483372092247,2.0,-5.0
report,T1_task_valence,STATIC,NEG,round2,1,14.168720841407776,-14.168720841407776,0.0,-4.0
report,T1_task_valence,STATIC,NEU,round1,1,11.995510619878768,-11.995510619878768,2.0,4.0
report,T1_task_valence,STATIC,NEU,round2,1,11.763736915588378,-11.763736915588378,2.0,-4.0
report,T1_task_valence,STATIC,POS,round1,1,11.24427217245102,-11.24427217245102,2.0,4.0
report,T1_task_valence,STATIC,POS,round2,1,11.592410817742348,-11.592410817742348,2.0,4.0
report,T1_task_valence,SWARM,NEG,round1,1,12.701930728554725,-12.701930728554725,0.0,4.0
report,T1_task_valence,SWARM,NEG,round2,1,12.219537949562072,-12.219537949562072,3.0,5.0
report,T1_task_valence,SWARM,NEU,round1,1,11.063486656546592,-11.063486656546592,3.0,5.0
report,T1_task_valence,SWARM,NEU,round2,1,11.35051738023758,-11.35051738023758,2.0,5.0
report,T1_task_valence,SWARM,POS,round1,1,10.62759313210845,-10.62759313210845,3.0,5.0
report,T1_task_valence,SWARM,POS,round2,1,10.427190299332143,-10.427190299332143,3.0,5.0
report,T2_identity_recognition,BASELINE,NEG,round1,1,18.09886246919632,-18.09886246919632,0.0,0.0
report,T2_identity_recognition,BASELINE,NEG,round2,1,18.075760674476623,-18.075760674476623,0.0,0.0
report,T2_identity_recognition,BASELINE,NEU,round1,1,13.79094027876854,-13.79094027876854,2.0,4.0
report,T2_identity_recognition,BASELINE,NEU,round2,1,13.509823483228683,-13.509823483228683,0.0,2.0
report,T2_identity_recognition,BASELINE,POS,round1,1,14.001263770461083,-14.001263770461083,0.0,0.0
report,T2_identity_recognition,BASELINE,POS,round2,1,14.31774730682373,-14.31774730682373,0.0,0.0
report,T2_identity_recognition,SOL,NEG,round1,1,16.979075503349303,-16.979075503349303,0.0,0.0
report,T2_identity_recognition,SOL,NEG,round2,1,17.382325077056883,-17.382325077056883,0.0,0.0
report,T2_identity_recognition,SOL,NEU,round1,1,10.753207489848137,-10.753207489848137,2.0,4.0
report,T2_identity_recognition,SOL,NEU,round2,1,10.3208694845438,-10.3208694845438,3.0,5.0
report,T2_identity_recognition,SOL,POS,round1,1,10.23024538718164,-10.23024538718164,3.0,5.0
report,T2_identity_recognition,SOL,POS,round2,1,10.308143977448344,-10.308143977448344,3.0,5.0
report,T2_identity_recognition,STATIC,NEG,round1,1,15.567265963554382,-15.567265963554382,0.0,0.0
report,T2_identity_recognition,STATIC,NEG,round2,1,16.389286357164384,-16.389286357164384,0.0,0.0
report,T2_identity_recognition,STATIC,NEU,round1,1,11.588947367668151,-11.588947367668151,2.0,3.0
report,T2_identity_recognition,STATIC,NEU,round2,1,11.76100360751152,-11.76100360751152,2.0,-5.0
report,T2_identity_recognition,STATIC,POS,round1,1,10.64526039659977,-10.64526039659977,2.0,5.0
report,T2_identity_recognition,STATIC,POS,round2,1,11.298263898491859,-11.298263898491859,2.0,4.0
report,T2_identity_recognition,SWARM,NEG,round1,1,16.03121756017208,-16.03121756017208,0.0,0.0
report,T2_identity_recognition,SWARM,NEG,round2,1,15.440980339050293,-15.440980339050293,0.0,0.0
report,T2_identity_recognition,SWARM,NEU,round1,1,10.893959908187389,-10.893959908187389,3.0,5.0
report,T2_identity_recognition,SWARM,NEU,round2,1,10.9137727573514,-10.9137727573514,4.0,6.0
report,T2_identity_recognition,SWARM,POS,round1,1,10.730685999244452,-10.730685999244452,4.0,6.0
report,T2_identity_recognition,SWARM,POS,round2,1,10.577944742143154,-10.577944742143154,4.0,6.0
