task,task_label,pole,pole_value,n,rating_mean,rating_std,rating_median,rating_min,rating_max,willingness_mean,willingness_std,willingness_median,willingness_min,willingness_max
identity_recognition,Identity recognition,NEG,-1,24,0.0,0.0,0.0,0.0,0.0,1.2916666666666667,0.858672720295521,1.0,1.0,4.0
identity_recognition,Identity recognition,NEU,0,24,1.9565217391304348,1.2239377906638147,2.0,0.0,4.0,3.4782608695652173,1.473078570310593,4.0,1.0,6.0
identity_recognition,Identity recognition,POS,1,24,2.1739130434782608,1.336623082556236,2.0,0.0,4.0,3.217391304347826,1.6775664663469694,3.0,1.0,6.0
social_feedback,Social feedback,NEG,-1,24,-0.2916666666666667,1.2328534123049197,0.0,-2.0,2.0,4.208333333333333,0.5089773777040516,4.0,3.0,5.0
social_feedback,Social feedback,NEU,0,24,1.6666666666666667,1.1671841502435294,2.0,0.0,4.0,3.4583333333333335,1.3506573815438319,4.0,1.0,6.0
social_feedback,Social feedback,POS,1,24,2.608695652173913,0.7223151185146152,3.0,1.0,4.0,3.2083333333333335,1.3824731042801415,2.5,2.0,6.0
task_valence,Task valence,NEG,-1,24,1.0416666666666667,1.1970676733137329,1.0,-1.0,3.0,3.0833333333333335,1.4719601443879744,3.5,1.0,5.0
task_valence,Task valence,NEU,0,24,1.7083333333333333,1.2328534123049195,2.0,0.0,4.0,3.0833333333333335,1.501207243656184,2.5,1.0,6.0
task_valence,Task valence,POS,1,24,1.8333333333333333,1.307725096316589,2.0,0.0,4.0,2.8333333333333335,1.4645571126562065,2.0,1.0,6.0
